[{"model": "portfolios.asset", "pk": 1, "fields": {"ticker": "SOL"}}, {"model": "portfolios.asset", "pk": 2, "fields": {"ticker": "PYTH"}}, {"model": "portfolios.asset", "pk": 3, "fields": {"ticker": "SEI"}}, {"model": "portfolios.asset", "pk": 4, "fields": {"ticker": "INJ"}}, {"model": "portfolios.asset", "pk": 5, "fields": {"ticker": "FIL"}}, {"model": "portfolios.asset", "pk": 6, "fields": {"ticker": "JUP"}}, {"model": "portfolios.asset", "pk": 7, "fields": {"ticker": "SNX"}}, {"model": "portfolios.asset", "pk": 8, "fields": {"ticker": "ATOM"}}, {"model": "portfolios.asset", "pk": 9, "fields": {"ticker": "FXS"}}, {"model": "portfolios.asset", "pk": 10, "fields": {"ticker": "HNT"}}, {"model": "portfolios.asset", "pk": 11, "fields": {"ticker": "W"}}, {"model": "portfolios.asset", "pk": 12, "fields": {"ticker": "FLOW"}}, {"model": "portfolios.asset", "pk": 13, "fields": {"ticker": "ALGO"}}, {"model": "portfolios.asset", "pk": 14, "fields": {"ticker": "SCRT"}}, {"model": "portfolios.asset", "pk": 15, "fields": {"ticker": "MATIC"}}, {"model": "portfolios.asset", "pk": 16, "fields": {"ticker": "LINK"}}, {"model": "portfolios.asset", "pk": 17, "fields": {"ticker": "AVAX"}}, {"model": "portfolios.asset", "pk": 18, "fields": {"ticker": "RNDR"}}, {"model": "portfolios.asset", "pk": 19, "fields": {"ticker": "POLIS"}}, {"model": "portfolios.asset", "pk": 20, "fields": {"ticker": "oogy"}}, {"model": "portfolios.asset", "pk": 21, "fields": {"ticker": "theheist"}}, {"model": "portfolios.asset", "pk": 22, "fields": {"ticker": "the_heist_land"}}, {"model": "portfolios.asset", "pk": 23, "fields": {"ticker": "PF4"}}, {"model": "portfolios.asset", "pk": 24, "fields": {"ticker": "torrino_dao_collection"}}, {"model": "portfolios.portfolio", "pk": 1, "fields": {"name": "High Risk 2/4 years", "invested": "5482.0000000000", "liquidity": "500.0000000000"}}, {"model": "portfolios.portfolio", "pk": 2, "fields": {"name": "Mid term", "invested": "0E-10", "liquidity": "0E-10"}}, {"model": "portfolios.assetinportfolio", "pk": 2, "fields": {"asset": 8, "portfolio": 1, "invested": "229.6400000000", "quantity": "25.0000000000"}}, {"model": "portfolios.assetinportfolio", "pk": 3, "fields": {"asset": 1, "portfolio": 1, "invested": "1317.0000000000", "quantity": "11142.7470000000"}}, {"model": "portfolios.assetinportfolio", "pk": 4, "fields": {"asset": 9, "portfolio": 1, "invested": "558.9100000000", "quantity": "75.0000000000"}}, {"model": "portfolios.assetinportfolio", "pk": 5, "fields": {"asset": 10, "portfolio": 1, "invested": "549.9600000000", "quantity": "100.0000000000"}}, {"model": "portfolios.assetinportfolio", "pk": 6, "fields": {"asset": 6, "portfolio": 1, "invested": "676.0000000000", "quantity": "500.0000000000"}}, {"model": "portfolios.assetinportfolio", "pk": 7, "fields": {"asset": 19, "portfolio": 1, "invested": "40.0000000000", "quantity": "141.0000000000"}}, {"model": "portfolios.assetinportfolio", "pk": 8, "fields": {"asset": 2, "portfolio": 1, "invested": "315.0000000000", "quantity": "498.0500000000"}}, {"model": "portfolios.assetinportfolio", "pk": 10, "fields": {"asset": 3, "portfolio": 1, "invested": "1051.6800000000", "quantity": "1750.0000000000"}}, {"model": "portfolios.assetinportfolio", "pk": 11, "fields": {"asset": 7, "portfolio": 1, "invested": "682.1200000000", "quantity": "175.0000000000"}}, {"model": "portfolios.assetinportfolio", "pk": 13, "fields": {"asset": 11, "portfolio": 1, "invested": "466.3000000000", "quantity": "500.0000000000"}}, {"model": "portfolios.assetinportfolio", "pk": 14, "fields": {"asset": 20, "portfolio": 1, "invested": "0E-10", "quantity": "3.0000000000"}}, {"model": "portfolios.assetinportfolio", "pk": 15, "fields": {"asset": 21, "portfolio": 1, "invested": "0E-10", "quantity": "3.0000000000"}}, {"model": "portfolios.assetinportfolio", "pk": 16, "fields": {"asset": 22, "portfolio": 1, "invested": "0E-10", "quantity": "3.0000000000"}}, {"model": "portfolios.assetinportfolio", "pk": 17, "fields": {"asset": 23, "portfolio": 1, "invested": "0E-10", "quantity": "1.0000000000"}}, {"model": "portfolios.assetinportfolio", "pk": 18, "fields": {"asset": 24, "portfolio": 1, "invested": "0E-10", "quantity": "3.0000000000"}}]